"","marketIdString","id","name","venue"
"1","1_223687467",17784367,"Carey Street","Wolverhampton"
"2","1_223687467",36028052,"Muhalhel","Wolverhampton"
"3","1_223687467",39135794,"Kodebreaker","Wolverhampton"
"4","1_223687467",47826192,"Bletchley Storm","Wolverhampton"
"5","1_223687467",48001954,"Angel Of Antrim","Wolverhampton"
"6","1_223687467",23160538,"Ebury","Wolverhampton"
"7","1_223687467",13478734,"Hes Our Star","Wolverhampton"
"8","1_223687474",26159486,"Palace Boy","Wolverhampton"
"9","1_223687474",19519134,"Aqwaam","Wolverhampton"
"10","1_223687474",40789405,"Artisan Dancer","Wolverhampton"
"11","1_223687474",40693466,"Enthrallment","Wolverhampton"
"12","1_223687474",49767599,"Legacy Power","Wolverhampton"
"13","1_223687474",40504765,"Educator","Wolverhampton"
"14","1_223687474",39162937,"Moliwood","Wolverhampton"
"15","1_223687474",48386289,"Haaland","Wolverhampton"
"16","1_223687474",28680894,"Chase The Dollar","Wolverhampton"
"17","1_223687474",38951037,"Lexington Knight","Wolverhampton"
"18","1_223687474",28341629,"Animato","Wolverhampton"
"19","1_223687474",12077275,"Speedo Boy","Wolverhampton"
"20","1_223687481",9424136,"Al Farabi","Wolverhampton"
"21","1_223687481",1058698,"Follow Your Heart","Wolverhampton"
"22","1_223687481",56615737,"Johnny James","Wolverhampton"
"23","1_223687481",54315230,"Eden Storm","Wolverhampton"
"24","1_223687481",25891921,"Beauty Choice","Wolverhampton"
"25","1_223687481",26400149,"The Turpinator","Wolverhampton"
"26","1_223687481",42405339,"How Impressive","Wolverhampton"
"27","1_223687481",35856221,"Sir Maxi","Wolverhampton"
"28","1_223687481",268981,"Visibility","Wolverhampton"
"29","1_223687481",44575561,"Wiseacre","Wolverhampton"
"30","1_223687488",9163357,"Outreach","Wolverhampton"
"31","1_223687488",50842055,"Sea The Buckthorn","Wolverhampton"
"32","1_223687488",39320061,"Van Zant","Wolverhampton"
"33","1_223687488",8688412,"Fieldsman","Wolverhampton"
"34","1_223687488",36179756,"Available Angel","Wolverhampton"
"35","1_223687488",50370278,"Kraken Diamond","Wolverhampton"
"36","1_223687488",191186,"Ok Pal","Wolverhampton"
"37","1_223687488",2368872,"Say Grace","Wolverhampton"
"38","1_223687488",2392468,"Musaytir","Wolverhampton"
"39","1_223687488",39081317,"Swiss Rowe","Wolverhampton"
"40","1_223687495",50095486,"Fast Affair","Wolverhampton"
"41","1_223687495",46846305,"Ellexis","Wolverhampton"
"42","1_223687495",52628149,"Noble Sovereign","Wolverhampton"
"43","1_223687495",42459973,"Soi Dao","Wolverhampton"
"44","1_223687495",40190791,"Nikkis Girl","Wolverhampton"
"45","1_223687495",10111755,"Daring Greatly","Wolverhampton"
"46","1_223687495",46821534,"Devore","Wolverhampton"
"47","1_223687495",14874562,"Elusive Truth","Wolverhampton"
"48","1_223687495",59505647,"Catrake Force","Wolverhampton"
"49","1_223687495",4704711,"Renesmee","Wolverhampton"
"50","1_223687501",65038682,"Hissyaan","Wolverhampton"
"51","1_223687501",39232480,"Kalpana","Wolverhampton"
"52","1_223687501",60958199,"Dynamiste","Wolverhampton"
"53","1_223687501",59093643,"Tatateo","Wolverhampton"
"54","1_223687501",62012492,"Mapogo","Wolverhampton"
"55","1_223687501",40628355,"Bloodhound","Wolverhampton"
"56","1_223687501",60661835,"Capla Mojo","Wolverhampton"
"57","1_223687508",25653107,"Elusive Tiger","Wolverhampton"
"58","1_223687508",28224264,"Pyrrhic Dancer","Wolverhampton"
"59","1_223687508",11350759,"Brave Display","Wolverhampton"
"60","1_223687508",39081325,"Twistaline","Wolverhampton"
"61","1_223687508",10075523,"Kenstone","Wolverhampton"
"62","1_223687508",19031394,"Broughtons Flare","Wolverhampton"
"63","1_223687508",24977903,"Gypsy Whisper","Wolverhampton"
"64","1_223687508",31597913,"Dillydingdillydong","Wolverhampton"
"65","1_223687508",33262,"Poppaea","Wolverhampton"
"66","1_223687508",8408809,"Gracious Grace","Wolverhampton"
"67","1_223687562",9556712,"Cusack","Newcastle"
"68","1_223687562",40538386,"Turner Girl","Newcastle"
"69","1_223687562",42184347,"Urban Road","Newcastle"
"70","1_223687562",24010726,"Cant Stop Now","Newcastle"
"71","1_223687562",44049802,"Reel Prospect","Newcastle"
"72","1_223687562",19410849,"Rise Hall","Newcastle"
"73","1_223687562",28723218,"Spanish Hustle","Newcastle"
"74","1_223687562",190606,"Latest Edition","Newcastle"
"75","1_223687569",2451954,"Royal Musketeer","Newcastle"
"76","1_223687569",13703,"Admiral Nelson","Newcastle"
"77","1_223687569",51819019,"Shaw Park","Newcastle"
"78","1_223687569",40605081,"Emperor Caradoc","Newcastle"
"79","1_223687569",23983749,"Alexander James","Newcastle"
"80","1_223687569",28428855,"Beelzebub","Newcastle"
"81","1_223687569",49471488,"Abbeys Dream","Newcastle"
"82","1_223687569",22341053,"Sparkle In His Eye","Newcastle"
"83","1_223687576",44863667,"Finn Russell","Newcastle"
"84","1_223687576",53180,"Novak","Newcastle"
"85","1_223687576",58351411,"Bowood","Newcastle"
"86","1_223687576",41401389,"Ahamoment","Newcastle"
"87","1_223687576",45476019,"Grey Force One","Newcastle"
"88","1_223687576",35037,"Hougoumont","Newcastle"
"89","1_223687576",28610608,"Mykonos St John","Newcastle"
"90","1_223687576",24813916,"Arranmore","Newcastle"
"91","1_223687583",65038715,"Alhattan","Newcastle"
"92","1_223687583",64069015,"Crimson Coronet","Newcastle"
"93","1_223687583",65038716,"Orchard Keeper","Newcastle"
"94","1_223687583",62846681,"Heat Of Passion","Newcastle"
"95","1_223687583",64778547,"Pilgrim Of Culture","Newcastle"
"96","1_223687583",186770,"Little Venice","Newcastle"
"97","1_223687583",63906543,"Angelica Catalani","Newcastle"
"98","1_223687583",64353749,"Daffin","Newcastle"
"99","1_223687583",36972667,"Bella Bluesky","Newcastle"
"100","1_223687589",61379129,"Wait And Hope","Newcastle"
"101","1_223687589",57419487,"Tasmanian Legend","Newcastle"
"102","1_223687589",57047849,"Likeashadow","Newcastle"
"103","1_223687589",59121478,"Yeah Nah","Newcastle"
"104","1_223687589",58383346,"Polly The Rocket","Newcastle"
"105","1_223687595",43843827,"Camacho Star","Newcastle"
"106","1_223687595",48531488,"Concert Boy","Newcastle"
"107","1_223687595",5579282,"Little Ted","Newcastle"
"108","1_223687595",26105367,"Abnaa","Newcastle"
"109","1_223687595",40379042,"Devasboy","Newcastle"
"110","1_223687595",61720332,"Bluebottle Blue","Newcastle"
"111","1_223687595",15753327,"Whatwouldyouknow","Newcastle"
"112","1_223687595",28712391,"Sycamore","Newcastle"
"113","1_223687595",321695,"Spring Romance","Newcastle"
"114","1_223687602",7177853,"Moon Flight","Newcastle"
"115","1_223687602",49229520,"Rodborough","Newcastle"
"116","1_223687602",44545194,"Pepsi Cat","Newcastle"
"117","1_223687602",28569300,"Nelson Gay","Newcastle"
"118","1_223687602",49278652,"Not Too Real Bad","Newcastle"
"119","1_223687602",13138374,"Mokaatil","Newcastle"
"120","1_223687602",25314604,"Majeski Man","Newcastle"
"121","1_223687602",35528107,"Ramon Di Loria","Newcastle"
"122","1_223687602",47398809,"Dark Kestrel","Newcastle"
"123","1_223687609",40105493,"El Hibri","Newcastle"
"124","1_223687609",9222497,"Nazca","Newcastle"
"125","1_223687609",35514507,"Captain Vallo","Newcastle"
"126","1_223687609",25577505,"Jems Bond","Newcastle"
"127","1_223687609",36764551,"Kaths Toyboy","Newcastle"
"128","1_223687609",9928388,"Athollblair Boy","Newcastle"
"129","1_223687609",36585594,"Thaki","Newcastle"
"130","1_223687609",34000565,"Asadjumeirah","Newcastle"
"131","1_223687609",832067,"Warminster","Newcastle"
"132","1_223687609",51643364,"Yesterdays Hero","Newcastle"
"133","1_223687609",13064625,"Giogiobbo","Newcastle"
"134","1_223687609",40816520,"Mr Stanley","Newcastle"
"135","1_223696086",12942917,"Dream Today","Dundalk"
"136","1_223696086",45350552,"Dontspoilasale","Dundalk"
"137","1_223696086",28732178,"Collective Power","Dundalk"
"138","1_223696086",39258112,"Marsa","Dundalk"
"139","1_223696086",41377364,"Inishmot Prince","Dundalk"
"140","1_223696086",30337066,"Livingston Range","Dundalk"
"141","1_223696086",19383532,"Prisoners Dilemma","Dundalk"
"142","1_223696086",28216718,"Distillate","Dundalk"
"143","1_223696086",35625781,"Rough Diamond","Dundalk"
"144","1_223696086",55493814,"Ostraka","Dundalk"
"145","1_223696086",46273474,"Musical Tribute","Dundalk"
"146","1_223696086",41101524,"Belle Fourche","Dundalk"
"147","1_223696086",48830831,"Coolcalmncollected","Dundalk"
"148","1_223701155",45476283,"Magellan Strait","Dundalk"
"149","1_223701155",19858184,"Longclaw","Dundalk"
"150","1_223701155",48735443,"Cape Bridgewater","Dundalk"
"151","1_223701155",11506461,"Tenth Amendment","Dundalk"
"152","1_223696096",36517298,"Folly Beach","Dundalk"
"153","1_223696096",52680358,"Firm Belief","Dundalk"
"154","1_223696096",36414,"Movie King","Dundalk"
"155","1_223696096",49562471,"Club Manager","Dundalk"
"156","1_223696096",3636434,"Hammersmith","Dundalk"
"157","1_223696096",44348517,"Gains Of War","Dundalk"
"158","1_223696096",44766071,"Crystal Caves","Dundalk"
"159","1_223696096",34380934,"Breagagh","Dundalk"
"160","1_223696096",28625664,"Kashi","Dundalk"
"161","1_223696096",12366667,"Alex The Great","Dundalk"
"162","1_223696096",20568185,"Desert Friend","Dundalk"
"163","1_223696096",51623314,"Honketonk Angel","Dundalk"
"164","1_223696096",36310987,"Ballybaun Star","Dundalk"
"165","1_223696096",45664,"Figurehead","Dundalk"
"166","1_223696096",10073453,"Dark Voyager","Dundalk"
"167","1_223696096",36040298,"Overstate","Dundalk"
"168","1_223696096",49347440,"Spinning Web","Dundalk"
"169","1_223696101",378976,"San Andreas","Dundalk"
"170","1_223696101",39737120,"Point Gellibrand","Dundalk"
"171","1_223696101",60157625,"Bungle Inthedesert","Dundalk"
"172","1_223696106",47704274,"Winemaker","Dundalk"
"173","1_223696106",49278648,"Dromantine","Dundalk"
"174","1_223696106",35537531,"Chica Power","Dundalk"
"175","1_223696106",36299332,"Macadams Rock","Dundalk"
"176","1_223696106",51510547,"Celebrating Ethel","Dundalk"
"177","1_223696106",45068625,"Allo Arry","Dundalk"
"178","1_223696106",51039525,"On Our Radar","Dundalk"
"179","1_223696106",48855517,"Shaaden","Dundalk"
"180","1_223696106",49101899,"Thirtysecondstreet","Dundalk"
"181","1_223696106",36299328,"Mullacash Buzz","Dundalk"
"182","1_223696106",10444233,"Western Cape","Dundalk"
"183","1_223696106",13478718,"Tynamite","Dundalk"
"184","1_223696106",18705171,"Whatharm","Dundalk"
"185","1_223696106",26122576,"Monzoon","Dundalk"
"186","1_223696111",44463250,"Little Keilee","Dundalk"
"187","1_223696111",41515656,"Storm Eric","Dundalk"
"188","1_223696111",9992702,"Pierre Lapin","Dundalk"
"189","1_223696111",39362628,"Run The Jewels","Dundalk"
"190","1_223696111",36127914,"Chavajod","Dundalk"
"191","1_223696111",26400151,"Higher Kingdom","Dundalk"
"192","1_223696111",23433982,"Hightimeyouwon","Dundalk"
"193","1_223696111",1405292,"Ransom","Dundalk"
"194","1_223696111",28925620,"Mulgrave","Dundalk"
"195","1_223696111",34193261,"Pillar Of Hope","Dundalk"
"196","1_223696111",10936345,"Atlas","Dundalk"
"197","1_223696111",608841,"San Martino","Dundalk"
"198","1_223696116",65838,"Brave Thought","Dundalk"
"199","1_223696116",41225928,"Mauras Gift","Dundalk"
"200","1_223696116",44767246,"Not Just Any Eagle","Dundalk"
"201","1_223696116",13413287,"Secret Rock","Dundalk"
"202","1_223696116",36016174,"St Cianans Fire","Dundalk"
"203","1_223696116",39692672,"Halcyon Spirit","Dundalk"
"204","1_223696116",52028865,"Tom The Plasterer","Dundalk"
"205","1_223696116",48709917,"Chica Linda","Dundalk"
"206","1_223696116",22399874,"Hinemoa","Dundalk"
"207","1_223696116",59197658,"Teddys Dawn","Dundalk"
"208","1_223696116",48571400,"Fashion Flair","Dundalk"
"209","1_223696116",36814438,"Alhaajeb","Dundalk"
"210","1_223696116",41299472,"Highland King","Dundalk"
"211","1_223696116",39330080,"Noble Crusade","Dundalk"
"212","1_223696116",24711315,"General Idea","Dundalk"
"213","1_223696116",45030332,"Goonyaboyya","Dundalk"
"214","1_223696116",28261416,"Mille Miglia","Dundalk"
"215","1_223696121",44864332,"Glyde Ranger","Dundalk"
"216","1_223696121",41830855,"Nyota","Dundalk"
"217","1_223696121",36492056,"Dinamine","Dundalk"
"218","1_223696121",41667701,"Uberrima Fides","Dundalk"
"219","1_223696121",44149854,"Flier","Dundalk"
"220","1_223696121",42539514,"Dreams Fled Away","Dundalk"
"221","1_223696121",12044596,"Big Challenge","Dundalk"
"222","1_223696121",52909664,"Areana","Dundalk"
"223","1_223696121",16608247,"Tudor Manor","Dundalk"
"224","1_223696121",5809983,"Power Drive","Dundalk"
"225","1_223696121",57385451,"Navajo River","Dundalk"
"226","1_223696121",51039529,"Emperor Of Silk","Dundalk"
"227","1_223696121",39352327,"Mosaaheb","Dundalk"
"228","1_223696121",38527856,"Astrophysicist","Dundalk"
"229","1_223696121",24420521,"Angel In The Sky","Dundalk"
"230","1_223696121",44666945,"Neddies Boy","Dundalk"
"231","1_223696121",19791446,"Berlina","Dundalk"
