"","marketIdString","id","name","venue"
"1","1_224209633",53953663,"Dartmoor Pirate","Wincanton"
"2","1_224209633",49671719,"Steel Ally","Wincanton"
"3","1_224209633",1337950,"Salvatore","Wincanton"
"4","1_224209633",44370625,"American Land","Wincanton"
"5","1_224209633",36082878,"Manuelito","Wincanton"
"6","1_224209633",8170281,"Kentucky Bluegrass","Wincanton"
"7","1_224209633",64422312,"Paddy In The Caddy","Wincanton"
"8","1_224209633",47855509,"Galactic Jack","Wincanton"
"9","1_224209633",62143595,"Hawk Stone","Wincanton"
"10","1_224209633",60788293,"Hugo Alko","Wincanton"
"11","1_224209640",1305349,"Fire Flyer","Wincanton"
"12","1_224209640",53986807,"Thank You Maam","Wincanton"
"13","1_224209640",13489723,"Zhang Fei","Wincanton"
"14","1_224209640",1203259,"Johannes","Wincanton"
"15","1_224209640",46065116,"Hadley Park","Wincanton"
"16","1_224209640",61902949,"Bruce Gobbler","Wincanton"
"17","1_224209640",58755372,"Basman Palace","Wincanton"
"18","1_224209640",42405271,"Our Nobby","Wincanton"
"19","1_224209640",64778541,"Ugo Bingo","Wincanton"
"20","1_224209646",36492087,"Take Your Time","Wincanton"
"21","1_224209646",3377546,"Jacamar","Wincanton"
"22","1_224209646",15492143,"Copperhead","Wincanton"
"23","1_224209646",41479927,"Manothepeople","Wincanton"
"24","1_224209646",26830870,"Quick Draw","Wincanton"
"25","1_224209646",3830909,"Lord Accord","Wincanton"
"26","1_224209646",10370847,"Fidux","Wincanton"
"27","1_224209653",12281479,"Goose Man","Wincanton"
"28","1_224209653",12273852,"Lalor","Wincanton"
"29","1_224209653",5766988,"Polish","Wincanton"
"30","1_224209653",12637773,"Wick Green","Wincanton"
"31","1_224209653",54944830,"Quintins Man","Wincanton"
"32","1_224209653",9979024,"Lakota Warrior","Wincanton"
"33","1_224209653",16753815,"Myth Buster","Wincanton"
"34","1_224209653",27442033,"Lieutenant Rocco","Wincanton"
"35","1_224209660",65504448,"Jubilee Alpha","Wincanton"
"36","1_224209660",31863727,"Notorious Pink","Wincanton"
"37","1_224209660",65504449,"Ive Madeupmymind","Wincanton"
"38","1_224209660",26641317,"Getaways Gift","Wincanton"
"39","1_224209660",65014697,"Portobello Girl","Wincanton"
"40","1_224209660",64069054,"Northern Symphonie","Wincanton"
"41","1_224209660",62565052,"Chooch","Wincanton"
"42","1_224209660",65504445,"Lune Et Retour","Wincanton"
"43","1_224209660",28024478,"Briefly","Wincanton"
"44","1_224209660",62700121,"Calli Black","Wincanton"
"45","1_224209660",65504444,"Barley Gin","Wincanton"
"46","1_224209660",65504442,"Nan Brady","Wincanton"
"47","1_224209660",65504447,"Pique Damour","Wincanton"
"48","1_224209660",63973714,"A Twist Of Time","Wincanton"
"49","1_224209660",566745,"Eye Candy","Wincanton"
"50","1_224209660",63031718,"Miss Kassiopi","Wincanton"
"51","1_224209592",43626715,"Gingerbred","Ffos Las"
"52","1_224209592",42387735,"Pimlico Point","Ffos Las"
"53","1_224209592",38863195,"Regarde","Ffos Las"
"54","1_224209592",12200476,"Pachacuti","Ffos Las"
"55","1_224209592",26641003,"Coconut Splash","Ffos Las"
"56","1_224209592",27477471,"Lubeat Foras","Ffos Las"
"57","1_224209592",23371637,"Mario De Pail","Ffos Las"
"58","1_224209592",10533609,"Higgs","Ffos Las"
"59","1_224209598",42204960,"Casts Tasha","Ffos Las"
"60","1_224209598",7124248,"Santa Clarita","Ffos Las"
"61","1_224209598",22543205,"Penny Mallow","Ffos Las"
"62","1_224209598",42051437,"Annie Wicks","Ffos Las"
"63","1_224209598",38622224,"Lady Tremaine","Ffos Las"
"64","1_224209598",50862707,"Autumn Blaze","Ffos Las"
"65","1_224209598",53865233,"Nancy Till","Ffos Las"
"66","1_224209605",41933973,"Hatos","Ffos Las"
"67","1_224209605",38807038,"Boston Joe","Ffos Las"
"68","1_224209605",38725116,"Ballymagee","Ffos Las"
"69","1_224209605",27187595,"Gambie Tiep","Ffos Las"
"70","1_224209605",10091032,"Templier","Ffos Las"
"71","1_224209605",41955258,"Icarat","Ffos Las"
"72","1_224209605",41377800,"Doyouknowwhatimean","Ffos Las"
"73","1_224209605",23943224,"No Quarter Asked","Ffos Las"
"74","1_224209605",49128441,"Thatza Dazzler","Ffos Las"
"75","1_224209605",38633211,"Gala Des Lys","Ffos Las"
"76","1_224209605",806602,"Leading The Way","Ffos Las"
"77","1_224209611",10894786,"Mumbles","Ffos Las"
"78","1_224209611",6378931,"Smart Casual","Ffos Las"
"79","1_224209611",5778294,"Night Jet","Ffos Las"
"80","1_224209611",43338117,"My Granny Lily","Ffos Las"
"81","1_224209611",38757749,"Daany","Ffos Las"
"82","1_224209611",232481,"Damask","Ffos Las"
"83","1_224209611",51718810,"Queen Of Steel","Ffos Las"
"84","1_224209611",1276299,"Another Lord","Ffos Las"
"85","1_224209611",38929308,"Book Of Verse","Ffos Las"
"86","1_224209611",52123045,"Jaunty Belle","Ffos Las"
"87","1_224209611",28093635,"Howdy Partner","Ffos Las"
"88","1_224209611",46479376,"Happy Sanchez","Ffos Las"
"89","1_224209611",43450170,"Kalibrate","Ffos Las"
"90","1_224209795",49525915,"Cervetto","Chelmsford City"
"91","1_224209795",41236816,"Chola Empire","Chelmsford City"
"92","1_224209795",45171121,"Conquest Of Power","Chelmsford City"
"93","1_224209795",38680133,"Jenson Benson","Chelmsford City"
"94","1_224209795",13280580,"Shot Of Love","Chelmsford City"
"95","1_224209795",44899806,"Kessaar Power","Chelmsford City"
"96","1_224209802",58383082,"Siobhanbrogan","Chelmsford City"
"97","1_224209802",64751580,"Miss Bodacious","Chelmsford City"
"98","1_224209802",55067917,"Gaiden","Chelmsford City"
"99","1_224209802",57631662,"Moonfire","Chelmsford City"
"100","1_224209802",64904889,"Rosy Affair","Chelmsford City"
"101","1_224209802",56816869,"Runaround Sioux","Chelmsford City"
"102","1_224209802",53196815,"Red Hot Rose","Chelmsford City"
"103","1_224209802",54618154,"Rogue Dream","Chelmsford City"
"104","1_224209802",57349064,"So Obsessed","Chelmsford City"
"105","1_224209809",39389770,"Monsieur Fantaisie","Chelmsford City"
"106","1_224209809",40705729,"Viewfromthestars","Chelmsford City"
"107","1_224209809",40615630,"Bear To Dream","Chelmsford City"
"108","1_224209809",53415931,"Lynwood Lad","Chelmsford City"
"109","1_224209809",35505060,"Admirable Lad","Chelmsford City"
"110","1_224209809",46611713,"Universal Grace","Chelmsford City"
"111","1_224209809",40883092,"Fantasy Navigator","Chelmsford City"
"112","1_224209809",42141570,"Silveeanna","Chelmsford City"
"113","1_224209809",48353184,"Carranita","Chelmsford City"
"114","1_224209809",3134739,"Overland","Chelmsford City"
"115","1_224209809",18976983,"Moveonup","Chelmsford City"
"116","1_224209814",36015947,"Crimson Sand","Chelmsford City"
"117","1_224209814",35856222,"Twilight Madness","Chelmsford City"
"118","1_224209814",24711302,"Level Up","Chelmsford City"
"119","1_224209814",10679960,"Dynamic Force","Chelmsford City"
"120","1_224209814",43699359,"Rocking Ends","Chelmsford City"
"121","1_224209814",39459125,"Reigning Profit","Chelmsford City"
"122","1_224209814",25092597,"Pop Dancer","Chelmsford City"
"123","1_224209820",48830902,"Outgun","Chelmsford City"
"124","1_224209820",52446247,"Wadacre Gomez","Chelmsford City"
"125","1_224209820",39565210,"Cavalluccio","Chelmsford City"
"126","1_224209820",5117475,"Carbis Bay","Chelmsford City"
"127","1_224209820",49526287,"Inspiritus","Chelmsford City"
"128","1_224209820",54914574,"Rogue Soldier","Chelmsford City"
"129","1_224209820",26713042,"Forge Valley Lad","Chelmsford City"
"130","1_224209827",49411053,"H Key Lails","Chelmsford City"
"131","1_224209827",516688,"Glencalvie","Chelmsford City"
"132","1_224209827",49903640,"Deed Pole","Chelmsford City"
"133","1_224209827",48001954,"Angel Of Antrim","Chelmsford City"
"134","1_224209827",45582069,"Strictly Dreaming","Chelmsford City"
"135","1_224209827",57026761,"Lucky Protector","Chelmsford City"
"136","1_224209827",26421370,"Brazen Arrow","Chelmsford City"
