"","marketIdString","id","name","venue"
"1","1_223917651",30152378,"Toptime","Southwell"
"2","1_223917651",34386832,"The Tron","Southwell"
"3","1_223917651",11142533,"Dapper Man","Southwell"
"4","1_223917651",28569301,"Mehmo","Southwell"
"5","1_223917651",40426048,"Basholo","Southwell"
"6","1_223917651",40190775,"Embla","Southwell"
"7","1_223917651",9483456,"Rockley Point","Southwell"
"8","1_223917651",46145400,"Jacquelina","Southwell"
"9","1_223917651",11238576,"Arzaak","Southwell"
"10","1_223917651",45829590,"Furnicoe","Southwell"
"11","1_223917651",55467735,"Ali Jewels","Southwell"
"12","1_223917651",39803306,"Golden Prosperity","Southwell"
"13","1_223917657",645,"Pagliacci","Southwell"
"14","1_223917657",61638987,"Lord Normandy","Southwell"
"15","1_223917657",13315362,"Trojan Storm","Southwell"
"16","1_223917657",59626701,"Dunstan","Southwell"
"17","1_223917657",61379051,"Alextrician","Southwell"
"18","1_223917662",48918331,"Military Order","Southwell"
"19","1_223917662",44979302,"The Foxes","Southwell"
"20","1_223917662",41990873,"Base Note","Southwell"
"21","1_223917662",25891792,"Enemy","Southwell"
"22","1_223917662",37050,"Claymore","Southwell"
"23","1_223917662",20233829,"Sir Busker","Southwell"
"24","1_223917669",37622995,"Big Narstie","Southwell"
"25","1_223917669",54841210,"Duisker","Southwell"
"26","1_223917669",71728,"Copper Mountain","Southwell"
"27","1_223917669",6345459,"Rubellite","Southwell"
"28","1_223917669",39002818,"Liv Lucky","Southwell"
"29","1_223917669",42230273,"Thoughtful Gift","Southwell"
"30","1_223917669",24462874,"Tom Tulliver","Southwell"
"31","1_223917669",21214432,"Defilade","Southwell"
"32","1_223917676",53727707,"Stoic Syd","Southwell"
"33","1_223917676",48412656,"Ashmore","Southwell"
"34","1_223917676",35323716,"Inexplicable","Southwell"
"35","1_223917676",24919193,"Written Broadcast","Southwell"
"36","1_223917676",19031394,"Broughtons Flare","Southwell"
"37","1_223917676",23160538,"Ebury","Southwell"
"38","1_223917676",54534268,"Star For A Day","Southwell"
"39","1_223917676",8408809,"Gracious Grace","Southwell"
"40","1_223917683",40290353,"Flash The Dash","Southwell"
"41","1_223917683",48412533,"Powdering","Southwell"
"42","1_223917683",40653122,"Kitaab","Southwell"
"43","1_223917683",43803491,"Comedian Leader","Southwell"
"44","1_223917683",60622542,"Pride Of Spain","Southwell"
"45","1_223917683",53195727,"Dercol","Southwell"
"46","1_223917683",18443845,"Dr Rio","Southwell"
"47","1_223917683",43869152,"Candy Warhol","Southwell"
"48","1_223917683",49903637,"Impulsive Lady","Southwell"
"49","1_223917683",24292276,"Spartan Fighter","Southwell"
"50","1_223917683",30334506,"Daafy","Southwell"
"51","1_223917689",25253324,"Locked N Loaded","Southwell"
"52","1_223917689",16131955,"Bobby Joe Leg","Southwell"
"53","1_223917689",19033987,"King Of Speed","Southwell"
"54","1_223917689",26105367,"Abnaa","Southwell"
"55","1_223917689",40580543,"Almodovar Del Rio","Southwell"
"56","1_223917689",266943,"The Toff","Southwell"
"57","1_223917689",47312970,"Conri","Southwell"
"58","1_223917689",35990907,"Media Guest","Southwell"
"59","1_223917689",25577504,"Amaysmont","Southwell"
"60","1_223917689",321695,"Spring Romance","Southwell"
"61","1_223917696",334820,"Blackjack","Southwell"
"62","1_223917696",4454597,"Hiatus","Southwell"
"63","1_223917696",39641086,"Shes The Danger","Southwell"
"64","1_223917696",10098016,"Hour By Hour","Southwell"
"65","1_223917696",39882243,"Bell Shot","Southwell"
"66","1_223917696",42465989,"Em Jay Kay","Southwell"
"67","1_223917696",8559071,"First Company","Southwell"
"68","1_223917696",23959743,"After John","Southwell"
"69","1_223917696",50281119,"Ithra","Southwell"
"70","1_223917696",19450857,"Love Your Work","Southwell"
"71","1_223917696",59924229,"Fletchers Flight","Southwell"
"72","1_223917696",39835435,"Thank The Lord","Southwell"
"73","1_223917702",13020362,"Immortal","Huntingdon"
"74","1_223917702",43066340,"Kansas City Star","Huntingdon"
"75","1_223917702",36969513,"Aggagio","Huntingdon"
"76","1_223917702",27488564,"Lime Drop","Huntingdon"
"77","1_223917702",4733690,"Non Stop","Huntingdon"
"78","1_223917702",39154482,"At A Pinch","Huntingdon"
"79","1_223917702",41593771,"Limetree Boy","Huntingdon"
"80","1_223917709",55632375,"Moon Chime","Huntingdon"
"81","1_223917709",11395340,"Strutter","Huntingdon"
"82","1_223917709",56183550,"Jour Devasion","Huntingdon"
"83","1_223917709",58350966,"Cant Resist It","Huntingdon"
"84","1_223917709",62996488,"Walkingoneggshells","Huntingdon"
"85","1_223917709",44463235,"Balhambar","Huntingdon"
"86","1_223917709",43045558,"Kentanddover","Huntingdon"
"87","1_223917709",16935673,"Call To Duty","Huntingdon"
"88","1_223917709",49745192,"Wee Tony","Huntingdon"
"89","1_223917709",49562381,"Havock","Huntingdon"
"90","1_223917709",50466254,"Rumoursareflying","Huntingdon"
"91","1_223917709",61638832,"Don Occhetti","Huntingdon"
"92","1_223917709",6567525,"Inigo","Huntingdon"
"93","1_223917709",50694254,"I Am De Chaillac","Huntingdon"
"94","1_223917716",1495797,"Hard Frost","Huntingdon"
"95","1_223917716",44797304,"Safe Destination","Huntingdon"
"96","1_223917716",41933962,"Rebel Intentions","Huntingdon"
"97","1_223917716",36476455,"Furkash","Huntingdon"
"98","1_223917716",56839,"Voice Of Hope","Huntingdon"
"99","1_223917716",53228125,"Rajaran","Huntingdon"
"100","1_223917716",36715445,"Barrakhov","Huntingdon"
"101","1_223917716",43188931,"Galway Mahler","Huntingdon"
"102","1_223917716",39023622,"Moon Eagle","Huntingdon"
"103","1_223917716",37501409,"Malinas Island","Huntingdon"
"104","1_223917723",41212631,"Haas Boy","Huntingdon"
"105","1_223917723",43570470,"Jack Sprat","Huntingdon"
"106","1_223917723",8176601,"Rascal","Huntingdon"
"107","1_223917723",39223428,"Sister Michael","Huntingdon"
"108","1_223917723",51769217,"Tregele","Huntingdon"
"109","1_223917723",18286417,"Raymond Tusk","Huntingdon"
"110","1_223917723",42375085,"Mistral Nell","Huntingdon"
"111","1_223917723",38243138,"Mot A Mot","Huntingdon"
"112","1_223917723",41740568,"Zestful Hope","Huntingdon"
"113","1_223917723",41677530,"Sun Joy","Huntingdon"
"114","1_223917723",1250133,"Blue Shark","Huntingdon"
"115","1_223917723",35664932,"Gms Prince","Huntingdon"
"116","1_223917723",37033387,"Iontach Cheval","Huntingdon"
"117","1_223917723",43233383,"Kilfilum Woods","Huntingdon"
"118","1_223917723",49020628,"Eagle Of The Glen","Huntingdon"
"119","1_223917723",52073576,"Kapamazov","Huntingdon"
"120","1_223917723",35701774,"Lifetime Legend","Huntingdon"
"121","1_223917723",35528121,"Eric Carmen","Huntingdon"
"122","1_223917732",38021567,"Brides Hill","Huntingdon"
"123","1_223917732",18890008,"Pink Legend","Huntingdon"
"124","1_223917732",36836539,"Mayhem Mya","Huntingdon"
"125","1_223917732",1509098,"Sacre Coeur","Huntingdon"
"126","1_223917732",40649548,"La Renommee","Huntingdon"
"127","1_223917732",43316859,"Caroles Pass","Huntingdon"
"128","1_223917732",27948469,"Midnight Mary","Huntingdon"
"129","1_223917732",38739363,"Lady Adare","Huntingdon"
"130","1_223917732",13201648,"Plenty Of Time","Huntingdon"
"131","1_223917739",10298692,"White Rhino","Huntingdon"
"132","1_223917739",38916747,"My Bobby Dazzler","Huntingdon"
"133","1_223917739",719887,"Beachcomber","Huntingdon"
"134","1_223917739",22972743,"Chantry House","Huntingdon"
"135","1_223917739",40590069,"Loup De Maulde","Huntingdon"
"136","1_223917739",11608940,"Steal A March","Huntingdon"
"137","1_223917739",18992360,"Classic Concorde","Huntingdon"
"138","1_223917739",18172597,"Itchy Feet","Huntingdon"
"139","1_223917739",17336469,"Come On Teddy","Huntingdon"
"140","1_223917739",12959099,"Risk And Roll","Huntingdon"
"141","1_223917739",36868866,"Edison Kent","Huntingdon"
"142","1_223917739",23503247,"Hillview","Huntingdon"
"143","1_223917739",12441184,"Storm Nelson","Huntingdon"
"144","1_223917739",35625702,"Pounding Poet","Huntingdon"
"145","1_223917746",65248153,"Crazierthandaisy","Huntingdon"
"146","1_223917746",12753054,"Seas The Day","Huntingdon"
"147","1_223917746",62565050,"Whats One More","Huntingdon"
"148","1_223917746",63973710,"Muriel May","Huntingdon"
"149","1_223917746",65248151,"Cocco Madonna","Huntingdon"
"150","1_223917746",41691419,"Just A Memory","Huntingdon"
"151","1_223917746",64922452,"Sweet Serene","Huntingdon"
"152","1_223917746",63225767,"Arcadian Rose","Huntingdon"
"153","1_223917746",6737027,"Dance In The Park","Huntingdon"
"154","1_223917746",65248152,"Moonscape Girl","Huntingdon"
"155","1_223917746",63973713,"Belle Montrose","Huntingdon"
"156","1_223917746",65248155,"Toromari","Huntingdon"
"157","1_223917555",49775768,"Torneo","Wetherby"
"158","1_223917555",49135557,"El Pro","Wetherby"
"159","1_223917555",60191387,"Man Of Monaco","Wetherby"
"160","1_223917555",649303,"Silverbridge","Wetherby"
"161","1_223917555",51002361,"Lillistar","Wetherby"
"162","1_223917555",64031584,"Rose De La Jarrie","Wetherby"
"163","1_223917562",44049028,"Mister Barclay","Wetherby"
"164","1_223917562",11713358,"Heard That","Wetherby"
"165","1_223917562",37487807,"Blended Stealth","Wetherby"
"166","1_223917562",54482288,"Shillanavogy","Wetherby"
"167","1_223917562",51398655,"Jersay Du Trottet","Wetherby"
"168","1_223917562",38200461,"Supreme Yeats","Wetherby"
"169","1_223917562",10325094,"Conscription","Wetherby"
"170","1_223917562",21109,"Goguenard","Wetherby"
"171","1_223917562",38916965,"Dazzling Dove","Wetherby"
"172","1_223917569",7719686,"Our Jet","Wetherby"
"173","1_223917569",27145240,"The Edgar Wallace","Wetherby"
"174","1_223917569",36401235,"No Risk Des Flos","Wetherby"
"175","1_223917569",22101586,"Gallic Geordie","Wetherby"
"176","1_223917569",11901244,"Cornerstone Lad","Wetherby"
"177","1_223917569",36704045,"Docpickedme","Wetherby"
"178","1_223917569",23225583,"Marshalled","Wetherby"
"179","1_223917569",5748596,"Whoshotthesheriff","Wetherby"
"180","1_223917576",11988148,"Asta La Pasta","Wetherby"
"181","1_223917576",10707281,"Fortunate Man","Wetherby"
"182","1_223917576",49347677,"Tedtwo","Wetherby"
"183","1_223917576",65248133,"Henrysbrotherjack","Wetherby"
"184","1_223917576",2428278,"Reine Des Tartes","Wetherby"
"185","1_223917576",64092646,"Shady B","Wetherby"
"186","1_223917576",50694253,"Breizh River","Wetherby"
"187","1_223917576",51342665,"Missy Ava","Wetherby"
"188","1_223917576",8021,"Call Me Jack","Wetherby"
"189","1_223917576",63486876,"Midnight Alnwicky","Wetherby"
"190","1_223917582",38130458,"Lincoln Lyn","Wetherby"
"191","1_223917582",50638968,"Pougne Aminta","Wetherby"
"192","1_223917582",7262666,"Oakley Dancer","Wetherby"
"193","1_223917582",44169404,"Jane Du Berlais","Wetherby"
"194","1_223917582",24209749,"Whatsdastory","Wetherby"
"195","1_223917582",27632413,"Uptown Lady","Wetherby"
"196","1_223917582",179923,"Juniper","Wetherby"
"197","1_223917589",53127871,"Tune In A Box","Wetherby"
"198","1_223917589",51665614,"Clovis Boy","Wetherby"
"199","1_223917589",56183549,"Colonel Whizz","Wetherby"
"200","1_223917589",46479455,"You Say Its Over","Wetherby"
"201","1_223917589",61419440,"Captain Copper","Wetherby"
"202","1_223917589",20867941,"My Strong Man","Wetherby"
"203","1_223917589",52854540,"Moro Rock","Wetherby"
"204","1_223917589",36381807,"Barney Stinson","Wetherby"
"205","1_223917589",62885988,"Nearly Wed","Wetherby"
"206","1_223917589",39450262,"Fainche","Wetherby"
"207","1_223917596",50307187,"Optik","Newcastle"
"208","1_223917596",55382613,"Sea Girt","Newcastle"
"209","1_223917596",45256104,"Coconut Bay","Newcastle"
"210","1_223917596",19548523,"Hot Team","Newcastle"
"211","1_223917596",9977396,"Quoteline Direct","Newcastle"
"212","1_223917596",41401379,"Glory And Gold","Newcastle"
"213","1_223917596",45303282,"Broctune Azure","Newcastle"
"214","1_223917596",12829624,"Strong Team","Newcastle"
"215","1_223917596",5298052,"Bateau Bay","Newcastle"
"216","1_223917603",871046,"Call To Action","Newcastle"
"217","1_223917603",39942245,"Romanee","Newcastle"
"218","1_223917603",56983687,"Helga Brandt","Newcastle"
"219","1_223917603",56296859,"La Boo","Newcastle"
"220","1_223917603",46659950,"Al Muqdad","Newcastle"
"221","1_223917603",65248145,"Wiggins B","Newcastle"
"222","1_223917603",3672233,"Soul Singer","Newcastle"
"223","1_223917603",59520392,"Tees Harriet","Newcastle"
"224","1_223917603",860154,"Exponential","Newcastle"
"225","1_223917603",10724081,"Notion In Motion","Newcastle"
"226","1_223917603",59966662,"Joons Dream","Newcastle"
"227","1_223917603",62362499,"Artistic Mission","Newcastle"
"228","1_223917611",44284989,"Marcello Si","Newcastle"
"229","1_223917611",11596882,"Atrafan","Newcastle"
"230","1_223917611",46091614,"Shines Ambition","Newcastle"
"231","1_223917611",11822607,"Mr Coco Bean","Newcastle"
"232","1_223917611",20023259,"Qaabil","Newcastle"
"233","1_223917611",25001544,"Fanzone","Newcastle"
"234","1_223917611",62669557,"Knight Of Magic","Newcastle"
"235","1_223917611",198806,"Indrapura Star","Newcastle"
"236","1_223917611",416543,"Royal Mariner","Newcastle"
"237","1_223917611",39258111,"Butterfly Island","Newcastle"
"238","1_223917617",39246357,"Pallas Lord","Newcastle"
"239","1_223917617",37886648,"Odd Socks Havana","Newcastle"
"240","1_223917617",10218963,"Great Colaci","Newcastle"
"241","1_223917617",38021468,"Pop Favorite","Newcastle"
"242","1_223917617",43698704,"Fifty Sent","Newcastle"
"243","1_223917617",13538377,"Retirement Beckons","Newcastle"
"244","1_223917617",56584831,"Child Of Lir","Newcastle"
"245","1_223917623",44695336,"Urban Dandy","Newcastle"
"246","1_223917623",458992,"High Opinion","Newcastle"
"247","1_223917623",7038431,"Rory","Newcastle"
"248","1_223917623",41080578,"The Gay Blade","Newcastle"
"249","1_223917623",1290014,"Herakles","Newcastle"
"250","1_223917623",55912,"Street Life","Newcastle"
"251","1_223917623",51117245,"Candy Eye","Newcastle"
"252","1_223917630",46231105,"Bonito Cavalo","Newcastle"
"253","1_223917630",49526290,"Noble Captain","Newcastle"
"254","1_223917630",33808807,"Enderman","Newcastle"
"255","1_223917630",46065555,"Bernie The Bear","Newcastle"
"256","1_223917630",52480855,"Willow Baby","Newcastle"
"257","1_223917630",40838973,"Mumcat","Newcastle"
"258","1_223917630",45069289,"Drakeholes","Newcastle"
"259","1_223917630",11272083,"Dandys Gold","Newcastle"
"260","1_223917630",19576445,"Blackcurrent","Newcastle"
"261","1_223917630",13285070,"Shabaaby","Newcastle"
"262","1_223917637",53920210,"Leap Day","Newcastle"
"263","1_223917637",47704265,"Sibyl Charm","Newcastle"
"264","1_223917637",41224398,"Kalganov","Newcastle"
"265","1_223917637",40473401,"Westmorian","Newcastle"
"266","1_223917637",39481738,"Matty Too","Newcastle"
"267","1_223917637",270592,"One More Dream","Newcastle"
"268","1_223917637",22341053,"Sparkle In His Eye","Newcastle"
"269","1_223917637",47001767,"Vecchio","Newcastle"
"270","1_223917637",19925447,"Dragons Will Rise","Newcastle"
"271","1_223917637",23943132,"Gobi Sunset","Newcastle"
"272","1_223917505",44249696,"Benjis Benefit","Gowran Park"
"273","1_223917505",24623773,"The Truant","Gowran Park"
"274","1_223917505",24449352,"Listenheretomejack","Gowran Park"
"275","1_223917505",36140413,"Star Official","Gowran Park"
"276","1_223917505",50466415,"New Barn Lane","Gowran Park"
"277","1_223917505",39036399,"Young Darleen","Gowran Park"
"278","1_223917505",54379068,"Champagne Mahler","Gowran Park"
"279","1_223917505",54117471,"Kilbarry Saint","Gowran Park"
"280","1_223917505",33810933,"Derridae","Gowran Park"
"281","1_223917505",45067874,"Le Fanu","Gowran Park"
"282","1_223917505",61496553,"Backinabit","Gowran Park"
"283","1_223917505",28633306,"Zeeband","Gowran Park"
"284","1_223917505",11264081,"Diamond Dollar","Gowran Park"
"285","1_223917505",39023625,"Bite That","Gowran Park"
"286","1_223917505",19975287,"Fassbender","Gowran Park"
"287","1_223917505",9669641,"Kuriosa","Gowran Park"
"288","1_223917505",59289859,"Granpa Ger","Gowran Park"
"289","1_223917505",62143982,"The Lucky Lobster","Gowran Park"
"290","1_223917505",36401247,"Joeswayornoway","Gowran Park"
"291","1_223917505",37808893,"Moulane West","Gowran Park"
"292","1_223917505",48984855,"Cristiano Marealdo","Gowran Park"
"293","1_223917505",39410570,"Uncle Gerhard","Gowran Park"
"294","1_223917505",40693522,"Intersky Sunset","Gowran Park"
"295","1_223917512",50940732,"Captain Cody","Gowran Park"
"296","1_223917512",53892789,"Backtonormal","Gowran Park"
"297","1_223917512",64330136,"La Vega Moon","Gowran Park"
"298","1_223917512",15815886,"Stage Lady","Gowran Park"
"299","1_223917512",61902989,"The Fairy Man","Gowran Park"
"300","1_223917512",63094483,"Getaway Erin","Gowran Park"
"301","1_223917519",27413848,"Thedevilscoachman","Gowran Park"
"302","1_223917519",24044539,"Monkfish","Gowran Park"
"303","1_223917519",27116090,"Farouk Dalene","Gowran Park"
"304","1_223917519",26924693,"Ashdale Bob","Gowran Park"
"305","1_223917519",13070343,"Summerville Boy","Gowran Park"
"306","1_223917526",5788672,"Dunboyne","Gowran Park"
"307","1_223917526",38458016,"Shantreusse","Gowran Park"
"308","1_223917526",27072320,"Angels Dawn","Gowran Park"
"309","1_223917526",38378512,"Glengouly","Gowran Park"
"310","1_223917526",26831400,"Fakir Dalene","Gowran Park"
"311","1_223917526",23726133,"Stormy Judge","Gowran Park"
"312","1_223917526",25136107,"Bronn","Gowran Park"
"313","1_223917526",36573763,"Street Value","Gowran Park"
"314","1_223917526",961941,"Aint That A Shame","Gowran Park"
"315","1_223917526",27477583,"Frontal Assault","Gowran Park"
"316","1_223917526",16660946,"Espanito Bello","Gowran Park"
"317","1_223917526",12218705,"Any Second Now","Gowran Park"
"318","1_223917526",22260413,"Ontheropes","Gowran Park"
"319","1_223917526",37000140,"Macs Charm","Gowran Park"
"320","1_223917526",21865420,"Diol Ker","Gowran Park"
"321","1_223917526",27794581,"Gevrey","Gowran Park"
"322","1_223917526",22778069,"Royal Thief","Gowran Park"
"323","1_223917526",24044537,"Longhouse Poet","Gowran Park"
"324","1_223917526",37886919,"Where It All Began","Gowran Park"
"325","1_223917533",2490862,"Tactical Move","Gowran Park"
"326","1_223917533",51257668,"Ho My Lord","Gowran Park"
"327","1_223917533",38790932,"Saint Felicien","Gowran Park"
"328","1_223917533",43388882,"Arctic Bresil","Gowran Park"
"329","1_223917533",24217265,"Figaroc","Gowran Park"
"330","1_223917533",2133910,"Spanish Harlem","Gowran Park"
"331","1_223917533",43388985,"Jimmy Chou Pecos Aa","Gowran Park"
"332","1_223917540",60918355,"Billy Lee Swagger","Gowran Park"
"333","1_223917540",62669546,"Nathan Wells","Gowran Park"
"334","1_223917540",42495656,"Dont Talk","Gowran Park"
"335","1_223917540",36545235,"Bynx","Gowran Park"
"336","1_223917540",62819598,"Whateys Quest","Gowran Park"
"337","1_223917540",21810020,"Champagne Platinum","Gowran Park"
"338","1_223917540",41401350,"Action Motion","Gowran Park"
"339","1_223917540",14058034,"Big Island","Gowran Park"
"340","1_223917540",62143987,"Ca Plane Pour Moi","Gowran Park"
"341","1_223917547",65247773,"Samyr","Gowran Park"
"342","1_223917547",65247770,"Its A Blue Moon","Gowran Park"
"343","1_223917547",65247776,"Stateofenlightment","Gowran Park"
"344","1_223917547",267690,"Harrys Dream","Gowran Park"
"345","1_223917547",65247774,"Beautiful Beauty","Gowran Park"
"346","1_223917547",840678,"Real Empire","Gowran Park"
"347","1_223917547",65247771,"Pavilion End","Gowran Park"
