"","marketIdString","id","name","venue"
"1","1_224122974",62700122,"Followango","Chepstow"
"2","1_224122974",51137416,"Chosen Hero","Chepstow"
"3","1_224122974",53892633,"Blue Moon Serenade","Chepstow"
"4","1_224122974",51462459,"Mavis Pike","Chepstow"
"5","1_224122974",63031717,"Apples Moon","Chepstow"
"6","1_224122974",50888663,"Janworth","Chepstow"
"7","1_224122974",62271605,"Come On Nia","Chepstow"
"8","1_224122974",54618321,"Lizzie Rey","Chepstow"
"9","1_224122974",64935718,"Countess Vicky","Chepstow"
"10","1_224122974",41411044,"Defferella","Chepstow"
"11","1_224122974",54379094,"Britannia Girl","Chepstow"
"12","1_224122974",54914770,"Walkinthecotswolds","Chepstow"
"13","1_224122974",44049024,"Lady Alex","Chepstow"
"14","1_224122981",5195376,"Barlovento","Chepstow"
"15","1_224122981",65436300,"Bobbys Nelson","Chepstow"
"16","1_224122981",63615631,"Ski Lodge","Chepstow"
"17","1_224122981",65014743,"Oi Oi Oi","Chepstow"
"18","1_224122981",62565012,"The Cypriot","Chepstow"
"19","1_224122981",65436299,"El Bandido Pancho","Chepstow"
"20","1_224122981",53892638,"Lady Harriett","Chepstow"
"21","1_224122981",65014734,"Dgesteevo","Chepstow"
"22","1_224122981",65436302,"Bollin Thou","Chepstow"
"23","1_224122981",47547591,"Brave Ruler","Chepstow"
"24","1_224123023",44309920,"Golden Glance","Newcastle"
"25","1_224123023",42259949,"Ip Up","Newcastle"
"26","1_224123023",27413722,"Atlantic Dancer","Newcastle"
"27","1_224123023",57461752,"Rorys Story","Newcastle"
"28","1_224123032",39726198,"King Of York","Southwell"
"29","1_224123032",49317685,"Yorkstone","Southwell"
"30","1_224123032",44214278,"Soames Forsyte","Southwell"
"31","1_224123032",41990865,"Khathak","Southwell"
"32","1_224123032",8207344,"Create","Southwell"
"33","1_224123032",61720332,"Bluebottle Blue","Southwell"
"34","1_224123032",2024507,"Conservative","Southwell"
"35","1_224123032",21078455,"Al Suil Eile","Southwell"
"36","1_224123032",23252474,"Largent","Southwell"
"37","1_224123038",9978577,"Solomon","Southwell"
"38","1_224123038",62846685,"Minstrel Knight","Southwell"
"39","1_224123038",1026940,"What A Night","Southwell"
"40","1_224123038",227308,"Calculate","Southwell"
"41","1_224123038",62271617,"Nashid","Southwell"
"42","1_224123038",64979235,"Blackintime","Southwell"
"43","1_224123038",51137411,"Amico Amore","Southwell"
"44","1_224123045",11350759,"Brave Display","Southwell"
"45","1_224123045",39081325,"Twistaline","Southwell"
"46","1_224123045",46821500,"Equiami","Southwell"
"47","1_224123045",42190645,"Trulie Good","Southwell"
"48","1_224123045",35676570,"Vivency","Southwell"
"49","1_224123045",23160538,"Ebury","Southwell"
"50","1_224123045",24630171,"Afterlife","Southwell"
"51","1_224123045",12518904,"Channel Packet","Southwell"
"52","1_224123045",54148367,"Eva Rosie","Southwell"
"53","1_224123045",48855810,"Wilpena Pound","Southwell"
"54","1_224123052",52885014,"Smoky Mountain","Southwell"
"55","1_224123052",6033813,"Kings Code","Southwell"
"56","1_224123052",5914575,"Eligible","Southwell"
"57","1_224123052",644789,"Goldsmith","Southwell"
"58","1_224123052",37694572,"Darwell Lion","Southwell"
"59","1_224123052",39641067,"Ernies Valentine","Southwell"
"60","1_224123052",31101895,"Skilled Warrior","Southwell"
"61","1_224123052",40736792,"Master Of Combat","Southwell"
"62","1_224123052",44107647,"Gincident","Southwell"
"63","1_224123052",6072371,"Troon","Southwell"
"64","1_224123052",268981,"Visibility","Southwell"
"65","1_224123052",51819019,"Shaw Park","Southwell"
"66","1_224123052",28618246,"Larado","Southwell"
"67","1_224123059",56737770,"Floating Voter","Southwell"
"68","1_224123059",62485936,"Berrygate","Southwell"
"69","1_224123059",62362514,"Keen Interest","Southwell"
"70","1_224123059",58186800,"Rhasidat","Southwell"
"71","1_224123059",56460600,"Lady In Havana","Southwell"
"72","1_224123059",59121478,"Yeah Nah","Southwell"
"73","1_224123059",62766710,"Eastern Dream","Southwell"
"74","1_224123059",57026637,"Love Yours","Southwell"
"75","1_224123059",57569592,"Haya Taal","Southwell"
"76","1_224123059",56816849,"Legal Beat","Southwell"
"77","1_224123059",10073521,"Angel Of Gold","Southwell"
"78","1_224123059",59520393,"Aye Fred","Southwell"
"79","1_224123066",59093934,"Back Tomorrow","Southwell"
"80","1_224123066",26845498,"Revolucion","Southwell"
"81","1_224123066",36764551,"Kaths Toyboy","Southwell"
"82","1_224123066",24208390,"Pierrefonds","Southwell"
"83","1_224123066",28575463,"Porfin","Southwell"
"84","1_224123066",9510639,"Inanna","Southwell"
"85","1_224123066",13388949,"Zargun","Southwell"
"86","1_224123066",42416870,"Eldeyaar","Southwell"
"87","1_224123073",40105493,"El Hibri","Southwell"
"88","1_224123073",34000565,"Asadjumeirah","Southwell"
"89","1_224123073",35323714,"Sarahs Verse","Southwell"
"90","1_224123073",51081850,"Midnightattheoasis","Southwell"
"91","1_224123073",8556076,"Banana","Southwell"
"92","1_224123073",40378883,"Buraback","Southwell"
"93","1_224123073",52628143,"Kaidu","Southwell"
"94","1_224123073",49257852,"South Dakota Sioux","Southwell"
"95","1_224123080",20591614,"Defence Treaty","Southwell"
"96","1_224123080",51992184,"Tables Turned","Southwell"
"97","1_224123080",46039567,"Elterwater","Southwell"
"98","1_224123080",44600881,"Rose Light","Southwell"
"99","1_224123080",29547684,"Scarborough Castle","Southwell"
"100","1_224123080",12931561,"Global Tycoon","Southwell"
"101","1_224123080",62012487,"Calshot Spit","Southwell"
"102","1_224123080",136326,"Distinction","Southwell"
"103","1_224123080",35958596,"Trusty Scout","Southwell"
"104","1_224123080",51002435,"Hazel Bear","Southwell"
"105","1_224123080",50068894,"Femme Patronne","Southwell"
"106","1_224123080",42405338,"Come On John","Southwell"
"107","1_224124371",42738768,"Mitiva","Limerick"
"108","1_224124371",54678832,"Mount Frisco","Limerick"
"109","1_224124371",45067418,"Caoimhes Pet","Limerick"
"110","1_224124371",50466415,"New Barn Lane","Limerick"
"111","1_224124371",54678830,"Jay Pee M","Limerick"
"112","1_224124371",8777340,"In The Trenches","Limerick"
"113","1_224124371",51899324,"Flidais","Limerick"
"114","1_224124371",38527856,"Astrophysicist","Limerick"
"115","1_224124376",65436384,"Olympy De Cerisy","Limerick"
"116","1_224124376",64330132,"Eastbank Warrior","Limerick"
"117","1_224124376",65436383,"The Dancing Tree","Limerick"
"118","1_224124376",3771558,"Machismo","Limerick"
"119","1_224124376",45646415,"Half A Chance","Limerick"
"120","1_224124376",65341377,"A Okay","Limerick"
